file,target,previous_best_prediction,phase1_prediction,phase1_exact,phase2_prediction,phase2_exact,phase2_edit_distance,phase2_switched,score_gain_over_phase1,route_class,any_candidate_exact,correct_candidate_count,correct_candidate_views,phase2_supporting_views,image_path,copied_image_path
Dieu_0412_p01_01.png,47A812659,47AB12659,47AB12659,False,47AB12659,False,1,False,0.0,tiny_two_line,False,0,,baseline;full_z0.85_up2_train_baseline;full_z0.85_up2_clahe_clip1_tile4;full_z0.85_up2_clahe_rl_deblur_bilateral;full_z0.85_up2_adaptive_noise_3way;full_z0.93_up2_train_baseline;full_z0.93_up2_clahe_clip1_tile4;full_z0.93_up2_clahe_rl_deblur_bilateral;full_z0.93_up2_adaptive_noise_3way;full_z1.00_up2_train_baseline;full_z1.00_up2_clahe_clip1_tile4;full_z1.00_up2_clahe_rl_deblur_bilateral;full_z1.00_up2_adaptive_noise_3way;full_z1.07_up2_train_baseline;full_z1.07_up2_clahe_clip1_tile4;full_z1.07_up2_clahe_rl_deblur_bilateral;full_z1.07_up2_adaptive_noise_3way;full_z1.15_up2_train_baseline;full_z1.15_up2_clahe_clip1_tile4;full_z1.15_up2_clahe_rl_deblur_bilateral;full_z1.15_up2_adaptive_noise_3way;full_z0.85_up3_train_baseline;full_z0.85_up3_clahe_clip1_tile4;full_z0.85_up3_clahe_rl_deblur_bilateral;full_z0.85_up3_adaptive_noise_3way;full_z0.93_up3_train_baseline;full_z0.93_up3_clahe_clip1_tile4;full_z0.93_up3_clahe_rl_deblur_bilateral;full_z0.93_up3_adaptive_noise_3way;full_z1.00_up3_train_baseline;full_z1.00_up3_clahe_clip1_tile4;full_z1.00_up3_clahe_rl_deblur_bilateral;full_z1.00_up3_adaptive_noise_3way;full_z1.07_up3_train_baseline;full_z1.07_up3_clahe_clip1_tile4;full_z1.07_up3_clahe_rl_deblur_bilateral;full_z1.07_up3_adaptive_noise_3way;full_z1.15_up3_train_baseline;full_z1.15_up3_clahe_clip1_tile4;full_z1.15_up3_clahe_rl_deblur_bilateral;full_z1.15_up3_adaptive_noise_3way,d:\NEO\LPR\parseq_official_pipeline\dataset\color_filtered\other\Dieu_0412_p01_01.png,D:\NEO\LPR\parseq_official_pipeline\outputs\testing\irrecoverable_wrong_images_8pipelines\01_target_47A812659_pred_47AB12659_err_1.png
Hung_0029_p02_02.png,60F177396,60F127396,60F127396,False,60F127396,False,1,False,0.37571962627349365,tiny_two_line,True,7,unwrap_z0.93_up2_clahe_rl_deblur_bilateral;unwrap_z1.00_up2_train_baseline;unwrap_z1.00_up2_clahe_clip1_tile4;unwrap_z1.00_up2_clahe_rl_deblur_bilateral;unwrap_z1.00_up2_adaptive_noise_3way;unwrap_z0.93_up3_clahe_rl_deblur_bilateral;unwrap_z0.93_up3_adaptive_noise_3way,full_z0.85_up2_clahe_clip1_tile4;full_z0.85_up2_clahe_rl_deblur_bilateral;full_z0.85_up2_adaptive_noise_3way;full_z1.00_up2_train_baseline;full_z1.00_up2_clahe_clip1_tile4;full_z1.00_up2_clahe_rl_deblur_bilateral;full_z1.00_up2_adaptive_noise_3way;full_z1.07_up2_train_baseline;full_z1.07_up2_clahe_clip1_tile4;full_z1.07_up2_clahe_rl_deblur_bilateral;full_z1.07_up2_adaptive_noise_3way;full_z1.15_up2_train_baseline;full_z1.15_up2_adaptive_noise_3way;unwrap_z1.07_up2_clahe_clip1_tile4;unwrap_z1.07_up2_clahe_rl_deblur_bilateral;unwrap_z1.07_up2_adaptive_noise_3way;full_z0.85_up3_adaptive_noise_3way;full_z1.00_up3_train_baseline;full_z1.00_up3_clahe_clip1_tile4;full_z1.00_up3_clahe_rl_deblur_bilateral;full_z1.00_up3_adaptive_noise_3way;full_z1.07_up3_clahe_clip1_tile4;full_z1.07_up3_clahe_rl_deblur_bilateral;full_z1.07_up3_adaptive_noise_3way;full_z1.15_up3_train_baseline;full_z1.15_up3_clahe_rl_deblur_bilateral;full_z1.15_up3_adaptive_noise_3way;unwrap_z1.00_up3_clahe_clip1_tile4;unwrap_z1.00_up3_adaptive_noise_3way;unwrap_z1.07_up3_clahe_clip1_tile4;unwrap_z1.07_up3_clahe_rl_deblur_bilateral;unwrap_z1.07_up3_adaptive_noise_3way,d:\NEO\LPR\parseq_official_pipeline\dataset\color_filtered\other\Hung_0029_p02_02.png,D:\NEO\LPR\parseq_official_pipeline\outputs\testing\irrecoverable_wrong_images_8pipelines\02_target_60F177396_pred_60F127396_err_1.png
Hung_0061_p01_01.png,59A172873,59X172873,59X172873,False,59X172873,False,1,False,0.0,small_two_line,False,0,,baseline;full_z0.85_up2_train_baseline;full_z0.85_up2_clahe_clip1_tile4;full_z0.85_up2_clahe_rl_deblur_bilateral;full_z0.85_up2_adaptive_noise_3way;full_z0.93_up2_train_baseline;full_z0.93_up2_clahe_clip1_tile4;full_z0.93_up2_clahe_rl_deblur_bilateral;full_z1.00_up2_train_baseline;full_z1.00_up2_clahe_clip1_tile4;full_z1.00_up2_clahe_rl_deblur_bilateral;full_z1.00_up2_adaptive_noise_3way;full_z1.07_up2_train_baseline;full_z1.07_up2_clahe_clip1_tile4;full_z1.07_up2_clahe_rl_deblur_bilateral;full_z1.07_up2_adaptive_noise_3way;full_z1.15_up2_train_baseline;full_z1.15_up2_clahe_clip1_tile4;full_z1.15_up2_clahe_rl_deblur_bilateral;full_z1.15_up2_adaptive_noise_3way;unwrap_z0.93_up2_train_baseline;unwrap_z0.93_up2_clahe_clip1_tile4;unwrap_z0.93_up2_clahe_rl_deblur_bilateral;unwrap_z1.00_up2_train_baseline;unwrap_z1.00_up2_clahe_clip1_tile4;unwrap_z1.00_up2_clahe_rl_deblur_bilateral;unwrap_z1.00_up2_adaptive_noise_3way;unwrap_z1.07_up2_train_baseline;unwrap_z1.07_up2_clahe_clip1_tile4;unwrap_z1.07_up2_clahe_rl_deblur_bilateral;unwrap_z1.07_up2_adaptive_noise_3way;full_z0.85_up3_train_baseline;full_z0.85_up3_clahe_clip1_tile4;full_z0.85_up3_clahe_rl_deblur_bilateral;full_z0.85_up3_adaptive_noise_3way;full_z0.93_up3_train_baseline;full_z0.93_up3_clahe_clip1_tile4;full_z0.93_up3_clahe_rl_deblur_bilateral;full_z0.93_up3_adaptive_noise_3way;full_z1.00_up3_train_baseline;full_z1.00_up3_clahe_clip1_tile4;full_z1.00_up3_clahe_rl_deblur_bilateral;full_z1.00_up3_adaptive_noise_3way;full_z1.07_up3_train_baseline;full_z1.07_up3_clahe_clip1_tile4;full_z1.07_up3_clahe_rl_deblur_bilateral;full_z1.07_up3_adaptive_noise_3way;full_z1.15_up3_train_baseline;full_z1.15_up3_clahe_clip1_tile4;full_z1.15_up3_clahe_rl_deblur_bilateral;full_z1.15_up3_adaptive_noise_3way;unwrap_z0.93_up3_train_baseline;unwrap_z0.93_up3_clahe_clip1_tile4;unwrap_z0.93_up3_clahe_rl_deblur_bilateral;unwrap_z0.93_up3_adaptive_noise_3way;unwrap_z1.00_up3_train_baseline;unwrap_z1.00_up3_clahe_clip1_tile4;unwrap_z1.00_up3_clahe_rl_deblur_bilateral;unwrap_z1.00_up3_adaptive_noise_3way;unwrap_z1.07_up3_train_baseline;unwrap_z1.07_up3_clahe_clip1_tile4;unwrap_z1.07_up3_clahe_rl_deblur_bilateral;unwrap_z1.07_up3_adaptive_noise_3way,d:\NEO\LPR\parseq_official_pipeline\dataset\color_filtered\other\Hung_0061_p01_01.png,D:\NEO\LPR\parseq_official_pipeline\outputs\testing\irrecoverable_wrong_images_8pipelines\03_target_59A172873_pred_59X172873_err_1.png
Hung_0158_p01_01.png,74C125159,74C175159,74C175159,False,74C175159,False,1,False,0.0,regular_two_line,True,18,full_z0.93_up2_train_baseline;full_z0.93_up2_clahe_clip1_tile4;full_z0.93_up2_clahe_rl_deblur_bilateral;full_z0.93_up2_adaptive_noise_3way;unwrap_z0.93_up2_train_baseline;unwrap_z1.00_up2_train_baseline;unwrap_z1.00_up2_clahe_clip1_tile4;unwrap_z1.00_up2_clahe_rl_deblur_bilateral;unwrap_z1.00_up2_adaptive_noise_3way;full_z0.93_up3_train_baseline;full_z0.93_up3_clahe_clip1_tile4;full_z0.93_up3_clahe_rl_deblur_bilateral;full_z0.93_up3_adaptive_noise_3way;unwrap_z0.93_up3_train_baseline;unwrap_z1.00_up3_train_baseline;unwrap_z1.00_up3_clahe_clip1_tile4;unwrap_z1.00_up3_clahe_rl_deblur_bilateral;unwrap_z1.00_up3_adaptive_noise_3way,baseline;full_z0.85_up2_train_baseline;full_z0.85_up2_clahe_clip1_tile4;full_z1.00_up2_train_baseline;full_z1.00_up2_clahe_clip1_tile4;full_z1.00_up2_clahe_rl_deblur_bilateral;full_z1.00_up2_adaptive_noise_3way;full_z1.07_up2_train_baseline;full_z1.07_up2_clahe_clip1_tile4;full_z1.07_up2_clahe_rl_deblur_bilateral;full_z1.07_up2_adaptive_noise_3way;full_z1.15_up2_train_baseline;full_z1.15_up2_clahe_clip1_tile4;full_z1.15_up2_clahe_rl_deblur_bilateral;full_z1.15_up2_adaptive_noise_3way;full_z0.85_up3_train_baseline;full_z0.85_up3_clahe_clip1_tile4;full_z1.00_up3_train_baseline;full_z1.00_up3_clahe_clip1_tile4;full_z1.00_up3_clahe_rl_deblur_bilateral;full_z1.00_up3_adaptive_noise_3way;full_z1.07_up3_train_baseline;full_z1.07_up3_clahe_clip1_tile4;full_z1.07_up3_clahe_rl_deblur_bilateral;full_z1.07_up3_adaptive_noise_3way;full_z1.15_up3_train_baseline;full_z1.15_up3_clahe_clip1_tile4;full_z1.15_up3_clahe_rl_deblur_bilateral;full_z1.15_up3_adaptive_noise_3way,d:\NEO\LPR\parseq_official_pipeline\dataset\color_filtered\other\Hung_0158_p01_01.png,D:\NEO\LPR\parseq_official_pipeline\outputs\testing\irrecoverable_wrong_images_8pipelines\04_target_74C125159_pred_74C175159_err_1.png
Hung_0219_p02_02.png,54K31270,54X31270,54X31270,False,54X31270,False,1,False,0.0,tiny_two_line,False,0,,baseline;full_z0.85_up2_clahe_clip1_tile4;full_z0.85_up2_clahe_rl_deblur_bilateral;full_z0.85_up2_adaptive_noise_3way;full_z0.93_up2_train_baseline;full_z0.93_up2_clahe_clip1_tile4;full_z0.93_up2_clahe_rl_deblur_bilateral;full_z0.93_up2_adaptive_noise_3way;full_z1.00_up2_train_baseline;full_z1.00_up2_clahe_clip1_tile4;full_z1.00_up2_clahe_rl_deblur_bilateral;full_z1.00_up2_adaptive_noise_3way;full_z1.07_up2_train_baseline;full_z1.07_up2_clahe_clip1_tile4;full_z1.07_up2_clahe_rl_deblur_bilateral;full_z1.07_up2_adaptive_noise_3way;full_z1.15_up2_train_baseline;full_z1.15_up2_clahe_clip1_tile4;full_z1.15_up2_clahe_rl_deblur_bilateral;full_z1.15_up2_adaptive_noise_3way;unwrap_z0.93_up2_adaptive_noise_3way;unwrap_z1.07_up2_train_baseline;unwrap_z1.07_up2_clahe_clip1_tile4;unwrap_z1.07_up2_clahe_rl_deblur_bilateral;unwrap_z1.07_up2_adaptive_noise_3way;full_z0.85_up3_train_baseline;full_z0.85_up3_clahe_clip1_tile4;full_z0.85_up3_clahe_rl_deblur_bilateral;full_z0.85_up3_adaptive_noise_3way;full_z0.93_up3_train_baseline;full_z0.93_up3_clahe_clip1_tile4;full_z0.93_up3_clahe_rl_deblur_bilateral;full_z0.93_up3_adaptive_noise_3way;full_z1.00_up3_train_baseline;full_z1.00_up3_clahe_clip1_tile4;full_z1.00_up3_clahe_rl_deblur_bilateral;full_z1.00_up3_adaptive_noise_3way;full_z1.07_up3_train_baseline;full_z1.07_up3_clahe_clip1_tile4;full_z1.07_up3_clahe_rl_deblur_bilateral;full_z1.07_up3_adaptive_noise_3way;full_z1.15_up3_train_baseline;full_z1.15_up3_clahe_clip1_tile4;full_z1.15_up3_clahe_rl_deblur_bilateral;full_z1.15_up3_adaptive_noise_3way;unwrap_z0.93_up3_adaptive_noise_3way;unwrap_z1.00_up3_clahe_clip1_tile4;unwrap_z1.00_up3_clahe_rl_deblur_bilateral;unwrap_z1.00_up3_adaptive_noise_3way;unwrap_z1.07_up3_train_baseline;unwrap_z1.07_up3_clahe_clip1_tile4;unwrap_z1.07_up3_clahe_rl_deblur_bilateral;unwrap_z1.07_up3_adaptive_noise_3way,d:\NEO\LPR\parseq_official_pipeline\dataset\color_filtered\other\Hung_0219_p02_02.png,D:\NEO\LPR\parseq_official_pipeline\outputs\testing\irrecoverable_wrong_images_8pipelines\05_target_54K31270_pred_54X31270_err_1.png
Hung_0309_p02_02.png,53X39221,53X59221,53X59221,False,53X59221,False,1,False,0.0,tiny_two_line,False,0,,baseline;full_z0.85_up2_train_baseline;full_z0.85_up2_clahe_clip1_tile4;full_z0.85_up2_clahe_rl_deblur_bilateral;full_z0.85_up2_adaptive_noise_3way;full_z0.93_up2_train_baseline;full_z0.93_up2_clahe_clip1_tile4;full_z0.93_up2_clahe_rl_deblur_bilateral;full_z0.93_up2_adaptive_noise_3way;full_z1.00_up2_train_baseline;full_z1.00_up2_clahe_clip1_tile4;full_z1.00_up2_clahe_rl_deblur_bilateral;full_z1.00_up2_adaptive_noise_3way;full_z1.07_up2_train_baseline;full_z1.07_up2_clahe_clip1_tile4;full_z1.07_up2_clahe_rl_deblur_bilateral;full_z1.07_up2_adaptive_noise_3way;full_z1.15_up2_train_baseline;full_z1.15_up2_clahe_clip1_tile4;full_z1.15_up2_clahe_rl_deblur_bilateral;full_z1.15_up2_adaptive_noise_3way;unwrap_z0.93_up2_train_baseline;unwrap_z0.93_up2_clahe_clip1_tile4;unwrap_z0.93_up2_clahe_rl_deblur_bilateral;unwrap_z0.93_up2_adaptive_noise_3way;unwrap_z1.00_up2_train_baseline;unwrap_z1.00_up2_clahe_clip1_tile4;unwrap_z1.00_up2_clahe_rl_deblur_bilateral;unwrap_z1.07_up2_train_baseline;unwrap_z1.07_up2_clahe_clip1_tile4;unwrap_z1.07_up2_clahe_rl_deblur_bilateral;unwrap_z1.07_up2_adaptive_noise_3way;full_z0.85_up3_train_baseline;full_z0.85_up3_clahe_clip1_tile4;full_z0.85_up3_clahe_rl_deblur_bilateral;full_z0.85_up3_adaptive_noise_3way;full_z0.93_up3_train_baseline;full_z0.93_up3_clahe_clip1_tile4;full_z0.93_up3_clahe_rl_deblur_bilateral;full_z0.93_up3_adaptive_noise_3way;full_z1.00_up3_train_baseline;full_z1.00_up3_clahe_clip1_tile4;full_z1.00_up3_clahe_rl_deblur_bilateral;full_z1.00_up3_adaptive_noise_3way;full_z1.07_up3_train_baseline;full_z1.07_up3_clahe_clip1_tile4;full_z1.07_up3_clahe_rl_deblur_bilateral;full_z1.07_up3_adaptive_noise_3way;full_z1.15_up3_train_baseline;full_z1.15_up3_clahe_clip1_tile4;full_z1.15_up3_clahe_rl_deblur_bilateral;full_z1.15_up3_adaptive_noise_3way;unwrap_z0.93_up3_train_baseline;unwrap_z0.93_up3_clahe_clip1_tile4;unwrap_z0.93_up3_clahe_rl_deblur_bilateral;unwrap_z1.00_up3_train_baseline;unwrap_z1.00_up3_clahe_clip1_tile4;unwrap_z1.00_up3_clahe_rl_deblur_bilateral;unwrap_z1.07_up3_train_baseline;unwrap_z1.07_up3_clahe_clip1_tile4;unwrap_z1.07_up3_clahe_rl_deblur_bilateral;unwrap_z1.07_up3_adaptive_noise_3way,d:\NEO\LPR\parseq_official_pipeline\dataset\color_filtered\other\Hung_0309_p02_02.png,D:\NEO\LPR\parseq_official_pipeline\outputs\testing\irrecoverable_wrong_images_8pipelines\06_target_53X39221_pred_53X59221_err_1.png
Hung_0391_p01_01.png,59G316643,59G311643,59G311643,False,59G311643,False,1,False,0.0,small_two_line,False,0,,baseline;full_z0.85_up2_train_baseline;full_z0.93_up2_train_baseline;full_z0.93_up2_clahe_clip1_tile4;full_z0.93_up2_clahe_rl_deblur_bilateral;full_z0.93_up2_adaptive_noise_3way;full_z1.00_up2_train_baseline;full_z1.07_up2_train_baseline;full_z1.15_up2_train_baseline;full_z1.15_up2_clahe_clip1_tile4;full_z1.15_up2_clahe_rl_deblur_bilateral;full_z1.15_up2_adaptive_noise_3way;full_z0.93_up3_train_baseline;full_z0.93_up3_clahe_clip1_tile4;full_z0.93_up3_clahe_rl_deblur_bilateral;full_z0.93_up3_adaptive_noise_3way;full_z1.00_up3_train_baseline;full_z1.15_up3_train_baseline;full_z1.15_up3_clahe_clip1_tile4;full_z1.15_up3_clahe_rl_deblur_bilateral;full_z1.15_up3_adaptive_noise_3way;unwrap_z1.07_up3_adaptive_noise_3way,d:\NEO\LPR\parseq_official_pipeline\dataset\color_filtered\other\Hung_0391_p01_01.png,D:\NEO\LPR\parseq_official_pipeline\outputs\testing\irrecoverable_wrong_images_8pipelines\07_target_59G316643_pred_59G311643_err_1.png
Hung_0396_p01_01.png,72L90279,77490279,77190279,False,77190279,False,2,False,1.7262638436683666,tiny_two_line,False,0,,full_z0.85_up2_train_baseline;full_z0.85_up2_clahe_clip1_tile4;full_z0.85_up2_clahe_rl_deblur_bilateral;full_z0.85_up2_adaptive_noise_3way;full_z0.93_up2_train_baseline;full_z0.93_up2_clahe_clip1_tile4;full_z0.93_up2_clahe_rl_deblur_bilateral;full_z0.93_up2_adaptive_noise_3way;full_z1.00_up2_train_baseline;full_z1.00_up2_adaptive_noise_3way;full_z1.07_up2_clahe_clip1_tile4;full_z1.07_up2_clahe_rl_deblur_bilateral;full_z1.07_up2_adaptive_noise_3way;full_z1.15_up2_clahe_clip1_tile4;full_z1.15_up2_clahe_rl_deblur_bilateral;full_z1.15_up2_adaptive_noise_3way;full_z0.85_up3_train_baseline;full_z0.85_up3_clahe_clip1_tile4;full_z0.85_up3_clahe_rl_deblur_bilateral;full_z0.85_up3_adaptive_noise_3way;full_z0.93_up3_train_baseline;full_z0.93_up3_clahe_clip1_tile4;full_z0.93_up3_clahe_rl_deblur_bilateral;full_z0.93_up3_adaptive_noise_3way;full_z1.00_up3_train_baseline;full_z1.00_up3_clahe_clip1_tile4;full_z1.00_up3_clahe_rl_deblur_bilateral;full_z1.00_up3_adaptive_noise_3way;full_z1.07_up3_clahe_clip1_tile4;full_z1.07_up3_clahe_rl_deblur_bilateral;full_z1.07_up3_adaptive_noise_3way;full_z1.15_up3_train_baseline;full_z1.15_up3_clahe_clip1_tile4;full_z1.15_up3_clahe_rl_deblur_bilateral;full_z1.15_up3_adaptive_noise_3way;unwrap_z0.93_up3_adaptive_noise_3way,d:\NEO\LPR\parseq_official_pipeline\dataset\color_filtered\other\Hung_0396_p01_01.png,D:\NEO\LPR\parseq_official_pipeline\outputs\testing\irrecoverable_wrong_images_8pipelines\08_target_72L90279_pred_77490279_err_2.png
Tgmt_0782_p01_01.png,29U3763,29013763,29U3763,True,29U3763,True,0,False,0.0,small_two_line,True,30,full_z1.15_up2_train_baseline;full_z1.15_up2_clahe_clip1_tile4;full_z1.15_up2_clahe_rl_deblur_bilateral;full_z1.15_up2_adaptive_noise_3way;unwrap_z0.93_up2_train_baseline;unwrap_z0.93_up2_clahe_clip1_tile4;unwrap_z0.93_up2_clahe_rl_deblur_bilateral;unwrap_z0.93_up2_adaptive_noise_3way;unwrap_z1.00_up2_train_baseline;unwrap_z1.00_up2_clahe_clip1_tile4;unwrap_z1.00_up2_clahe_rl_deblur_bilateral;unwrap_z1.07_up2_train_baseline;unwrap_z1.07_up2_clahe_clip1_tile4;unwrap_z1.07_up2_clahe_rl_deblur_bilateral;unwrap_z1.07_up2_adaptive_noise_3way;full_z1.15_up3_train_baseline;full_z1.15_up3_clahe_clip1_tile4;full_z1.15_up3_clahe_rl_deblur_bilateral;full_z1.15_up3_adaptive_noise_3way;unwrap_z0.93_up3_train_baseline;unwrap_z0.93_up3_clahe_clip1_tile4;unwrap_z0.93_up3_clahe_rl_deblur_bilateral;unwrap_z0.93_up3_adaptive_noise_3way;unwrap_z1.00_up3_train_baseline;unwrap_z1.00_up3_clahe_clip1_tile4;unwrap_z1.00_up3_clahe_rl_deblur_bilateral;unwrap_z1.07_up3_train_baseline;unwrap_z1.07_up3_clahe_clip1_tile4;unwrap_z1.07_up3_clahe_rl_deblur_bilateral;unwrap_z1.07_up3_adaptive_noise_3way,full_z1.15_up2_train_baseline;full_z1.15_up2_clahe_clip1_tile4;full_z1.15_up2_clahe_rl_deblur_bilateral;full_z1.15_up2_adaptive_noise_3way;unwrap_z0.93_up2_train_baseline;unwrap_z0.93_up2_clahe_clip1_tile4;unwrap_z0.93_up2_clahe_rl_deblur_bilateral;unwrap_z0.93_up2_adaptive_noise_3way;unwrap_z1.00_up2_train_baseline;unwrap_z1.00_up2_clahe_clip1_tile4;unwrap_z1.00_up2_clahe_rl_deblur_bilateral;unwrap_z1.07_up2_train_baseline;unwrap_z1.07_up2_clahe_clip1_tile4;unwrap_z1.07_up2_clahe_rl_deblur_bilateral;unwrap_z1.07_up2_adaptive_noise_3way;full_z1.15_up3_train_baseline;full_z1.15_up3_clahe_clip1_tile4;full_z1.15_up3_clahe_rl_deblur_bilateral;full_z1.15_up3_adaptive_noise_3way;unwrap_z0.93_up3_train_baseline;unwrap_z0.93_up3_clahe_clip1_tile4;unwrap_z0.93_up3_clahe_rl_deblur_bilateral;unwrap_z0.93_up3_adaptive_noise_3way;unwrap_z1.00_up3_train_baseline;unwrap_z1.00_up3_clahe_clip1_tile4;unwrap_z1.00_up3_clahe_rl_deblur_bilateral;unwrap_z1.07_up3_train_baseline;unwrap_z1.07_up3_clahe_clip1_tile4;unwrap_z1.07_up3_clahe_rl_deblur_bilateral;unwrap_z1.07_up3_adaptive_noise_3way,d:\NEO\LPR\parseq_official_pipeline\dataset\color_filtered\other\Tgmt_0782_p01_01.png,D:\NEO\LPR\parseq_official_pipeline\outputs\testing\irrecoverable_wrong_images_8pipelines\09_target_29U3763_pred_29013763_err_2.png
greenpack_0455_p01_01.png,5390844,53R90844,53R90844,False,53R90844,False,1,False,0.0,small_two_line,False,0,,baseline;full_z0.85_up2_train_baseline;full_z0.85_up2_clahe_clip1_tile4;full_z0.85_up2_clahe_rl_deblur_bilateral;full_z0.85_up2_adaptive_noise_3way;full_z0.93_up2_train_baseline;full_z0.93_up2_clahe_clip1_tile4;full_z0.93_up2_clahe_rl_deblur_bilateral;full_z0.93_up2_adaptive_noise_3way;full_z1.00_up2_train_baseline;full_z1.00_up2_clahe_clip1_tile4;full_z1.00_up2_clahe_rl_deblur_bilateral;full_z1.00_up2_adaptive_noise_3way;full_z1.07_up2_train_baseline;full_z1.07_up2_clahe_clip1_tile4;full_z1.07_up2_clahe_rl_deblur_bilateral;full_z1.07_up2_adaptive_noise_3way;full_z1.15_up2_train_baseline;full_z1.15_up2_clahe_clip1_tile4;full_z1.15_up2_clahe_rl_deblur_bilateral;full_z1.15_up2_adaptive_noise_3way;unwrap_z0.93_up2_train_baseline;unwrap_z0.93_up2_clahe_clip1_tile4;unwrap_z0.93_up2_clahe_rl_deblur_bilateral;unwrap_z0.93_up2_adaptive_noise_3way;unwrap_z1.00_up2_train_baseline;unwrap_z1.00_up2_clahe_clip1_tile4;unwrap_z1.00_up2_clahe_rl_deblur_bilateral;unwrap_z1.00_up2_adaptive_noise_3way;unwrap_z1.07_up2_train_baseline;unwrap_z1.07_up2_clahe_clip1_tile4;unwrap_z1.07_up2_clahe_rl_deblur_bilateral;unwrap_z1.07_up2_adaptive_noise_3way;full_z0.85_up3_train_baseline;full_z0.85_up3_clahe_clip1_tile4;full_z0.85_up3_clahe_rl_deblur_bilateral;full_z0.85_up3_adaptive_noise_3way;full_z0.93_up3_train_baseline;full_z0.93_up3_clahe_clip1_tile4;full_z0.93_up3_clahe_rl_deblur_bilateral;full_z0.93_up3_adaptive_noise_3way;full_z1.00_up3_train_baseline;full_z1.00_up3_clahe_clip1_tile4;full_z1.00_up3_clahe_rl_deblur_bilateral;full_z1.00_up3_adaptive_noise_3way;full_z1.07_up3_train_baseline;full_z1.07_up3_clahe_clip1_tile4;full_z1.07_up3_clahe_rl_deblur_bilateral;full_z1.07_up3_adaptive_noise_3way;full_z1.15_up3_train_baseline;full_z1.15_up3_clahe_clip1_tile4;full_z1.15_up3_clahe_rl_deblur_bilateral;full_z1.15_up3_adaptive_noise_3way;unwrap_z0.93_up3_train_baseline;unwrap_z0.93_up3_clahe_clip1_tile4;unwrap_z0.93_up3_clahe_rl_deblur_bilateral;unwrap_z0.93_up3_adaptive_noise_3way;unwrap_z1.00_up3_train_baseline;unwrap_z1.00_up3_clahe_clip1_tile4;unwrap_z1.00_up3_clahe_rl_deblur_bilateral;unwrap_z1.00_up3_adaptive_noise_3way;unwrap_z1.07_up3_train_baseline;unwrap_z1.07_up3_clahe_clip1_tile4;unwrap_z1.07_up3_clahe_rl_deblur_bilateral;unwrap_z1.07_up3_adaptive_noise_3way,d:\NEO\LPR\parseq_official_pipeline\dataset\color_filtered\other\greenpack_0455_p01_01.png,D:\NEO\LPR\parseq_official_pipeline\outputs\testing\irrecoverable_wrong_images_8pipelines\10_target_5390844_pred_53R90844_err_1.png
greenpack_0459_p01_01.png,59V200884,59V23084,59V23084,False,59V23084,False,2,False,1.218078161701456,small_two_line,False,0,,baseline;full_z1.00_up2_train_baseline;full_z1.00_up2_clahe_clip1_tile4;full_z1.00_up2_clahe_rl_deblur_bilateral;full_z1.00_up2_adaptive_noise_3way;full_z1.07_up2_train_baseline;full_z1.07_up2_clahe_clip1_tile4;full_z1.07_up2_clahe_rl_deblur_bilateral;full_z1.15_up2_clahe_clip1_tile4;full_z1.15_up2_clahe_rl_deblur_bilateral;full_z1.15_up2_adaptive_noise_3way;full_z1.00_up3_train_baseline;full_z1.00_up3_clahe_clip1_tile4;full_z1.00_up3_clahe_rl_deblur_bilateral;full_z1.00_up3_adaptive_noise_3way;full_z1.07_up3_train_baseline;full_z1.07_up3_clahe_clip1_tile4;full_z1.07_up3_clahe_rl_deblur_bilateral;full_z1.07_up3_adaptive_noise_3way;full_z1.15_up3_clahe_clip1_tile4;full_z1.15_up3_clahe_rl_deblur_bilateral;full_z1.15_up3_adaptive_noise_3way,d:\NEO\LPR\parseq_official_pipeline\dataset\color_filtered\other\greenpack_0459_p01_01.png,D:\NEO\LPR\parseq_official_pipeline\outputs\testing\irrecoverable_wrong_images_8pipelines\11_target_59V200884_pred_59V23084_err_2.png
greenpack_0486_p01_01.png,B537011,QB537011,HB537011,False,11B537011,False,2,True,2.710812512496096,small_two_line,True,4,full_z1.15_up2_train_baseline;full_z1.15_up2_clahe_clip1_tile4;full_z1.15_up3_clahe_clip1_tile4;full_z1.15_up3_clahe_rl_deblur_bilateral,unwrap_z1.00_up2_clahe_clip1_tile4;unwrap_z1.00_up2_clahe_rl_deblur_bilateral,d:\NEO\LPR\parseq_official_pipeline\dataset\color_filtered\other\greenpack_0486_p01_01.png,D:\NEO\LPR\parseq_official_pipeline\outputs\testing\irrecoverable_wrong_images_8pipelines\12_target_B537011_pred_QB537011_err_1.png
greenpack_0489_p01_01.png,59Y164831,59Y104831,59Y104831,False,59Y104831,False,1,False,0.29869671664394915,small_two_line,True,32,full_z1.07_up2_train_baseline;full_z1.07_up2_clahe_clip1_tile4;full_z1.07_up2_clahe_rl_deblur_bilateral;full_z1.07_up2_adaptive_noise_3way;unwrap_z0.93_up2_train_baseline;unwrap_z0.93_up2_clahe_clip1_tile4;unwrap_z0.93_up2_clahe_rl_deblur_bilateral;unwrap_z0.93_up2_adaptive_noise_3way;unwrap_z1.00_up2_train_baseline;unwrap_z1.00_up2_clahe_clip1_tile4;unwrap_z1.00_up2_clahe_rl_deblur_bilateral;unwrap_z1.00_up2_adaptive_noise_3way;unwrap_z1.07_up2_train_baseline;unwrap_z1.07_up2_clahe_clip1_tile4;unwrap_z1.07_up2_clahe_rl_deblur_bilateral;unwrap_z1.07_up2_adaptive_noise_3way;full_z1.07_up3_train_baseline;full_z1.07_up3_clahe_clip1_tile4;full_z1.07_up3_clahe_rl_deblur_bilateral;full_z1.07_up3_adaptive_noise_3way;unwrap_z0.93_up3_train_baseline;unwrap_z0.93_up3_clahe_clip1_tile4;unwrap_z0.93_up3_clahe_rl_deblur_bilateral;unwrap_z0.93_up3_adaptive_noise_3way;unwrap_z1.00_up3_train_baseline;unwrap_z1.00_up3_clahe_clip1_tile4;unwrap_z1.00_up3_clahe_rl_deblur_bilateral;unwrap_z1.00_up3_adaptive_noise_3way;unwrap_z1.07_up3_train_baseline;unwrap_z1.07_up3_clahe_clip1_tile4;unwrap_z1.07_up3_clahe_rl_deblur_bilateral;unwrap_z1.07_up3_adaptive_noise_3way,baseline;full_z0.85_up2_train_baseline;full_z0.85_up2_clahe_clip1_tile4;full_z0.85_up2_clahe_rl_deblur_bilateral;full_z0.85_up2_adaptive_noise_3way;full_z0.93_up2_train_baseline;full_z0.93_up2_clahe_clip1_tile4;full_z0.93_up2_clahe_rl_deblur_bilateral;full_z0.93_up2_adaptive_noise_3way;full_z1.00_up2_train_baseline;full_z1.00_up2_clahe_clip1_tile4;full_z1.00_up2_clahe_rl_deblur_bilateral;full_z1.00_up2_adaptive_noise_3way;full_z1.15_up2_train_baseline;full_z1.15_up2_clahe_clip1_tile4;full_z1.15_up2_clahe_rl_deblur_bilateral;full_z1.15_up2_adaptive_noise_3way;full_z0.85_up3_train_baseline;full_z0.85_up3_clahe_clip1_tile4;full_z0.85_up3_clahe_rl_deblur_bilateral;full_z0.85_up3_adaptive_noise_3way;full_z0.93_up3_train_baseline;full_z0.93_up3_clahe_clip1_tile4;full_z0.93_up3_clahe_rl_deblur_bilateral;full_z0.93_up3_adaptive_noise_3way;full_z1.00_up3_train_baseline;full_z1.00_up3_clahe_clip1_tile4;full_z1.00_up3_clahe_rl_deblur_bilateral;full_z1.00_up3_adaptive_noise_3way;full_z1.15_up3_train_baseline;full_z1.15_up3_clahe_clip1_tile4;full_z1.15_up3_clahe_rl_deblur_bilateral;full_z1.15_up3_adaptive_noise_3way,d:\NEO\LPR\parseq_official_pipeline\dataset\color_filtered\other\greenpack_0489_p01_01.png,D:\NEO\LPR\parseq_official_pipeline\outputs\testing\irrecoverable_wrong_images_8pipelines\13_target_59Y164831_pred_59Y104831_err_1.png
greenpack_0640_p01_01.png,86B621890,868621890,868621890,False,868621890,False,1,False,0.0,small_two_line,False,0,,baseline;full_z0.85_up2_train_baseline;full_z0.85_up2_clahe_clip1_tile4;full_z0.85_up2_clahe_rl_deblur_bilateral;full_z0.85_up2_adaptive_noise_3way;full_z0.93_up2_train_baseline;full_z0.93_up2_clahe_clip1_tile4;full_z0.93_up2_clahe_rl_deblur_bilateral;full_z0.93_up2_adaptive_noise_3way;full_z1.00_up2_train_baseline;full_z1.00_up2_clahe_clip1_tile4;full_z1.00_up2_clahe_rl_deblur_bilateral;full_z1.00_up2_adaptive_noise_3way;full_z1.07_up2_train_baseline;full_z1.07_up2_clahe_clip1_tile4;full_z1.07_up2_clahe_rl_deblur_bilateral;full_z1.07_up2_adaptive_noise_3way;full_z1.15_up2_train_baseline;full_z1.15_up2_clahe_clip1_tile4;full_z1.15_up2_clahe_rl_deblur_bilateral;full_z1.15_up2_adaptive_noise_3way;unwrap_z0.93_up2_train_baseline;unwrap_z0.93_up2_clahe_clip1_tile4;unwrap_z0.93_up2_clahe_rl_deblur_bilateral;unwrap_z0.93_up2_adaptive_noise_3way;unwrap_z1.00_up2_train_baseline;unwrap_z1.00_up2_clahe_clip1_tile4;unwrap_z1.00_up2_clahe_rl_deblur_bilateral;unwrap_z1.00_up2_adaptive_noise_3way;unwrap_z1.07_up2_train_baseline;unwrap_z1.07_up2_clahe_clip1_tile4;unwrap_z1.07_up2_clahe_rl_deblur_bilateral;unwrap_z1.07_up2_adaptive_noise_3way;full_z0.85_up3_train_baseline;full_z0.85_up3_clahe_clip1_tile4;full_z0.85_up3_clahe_rl_deblur_bilateral;full_z0.85_up3_adaptive_noise_3way;full_z0.93_up3_train_baseline;full_z0.93_up3_clahe_clip1_tile4;full_z0.93_up3_clahe_rl_deblur_bilateral;full_z0.93_up3_adaptive_noise_3way;full_z1.00_up3_train_baseline;full_z1.00_up3_clahe_clip1_tile4;full_z1.00_up3_clahe_rl_deblur_bilateral;full_z1.00_up3_adaptive_noise_3way;full_z1.07_up3_train_baseline;full_z1.07_up3_clahe_clip1_tile4;full_z1.07_up3_clahe_rl_deblur_bilateral;full_z1.07_up3_adaptive_noise_3way;full_z1.15_up3_train_baseline;full_z1.15_up3_clahe_clip1_tile4;full_z1.15_up3_clahe_rl_deblur_bilateral;full_z1.15_up3_adaptive_noise_3way;unwrap_z0.93_up3_train_baseline;unwrap_z0.93_up3_clahe_clip1_tile4;unwrap_z0.93_up3_clahe_rl_deblur_bilateral;unwrap_z0.93_up3_adaptive_noise_3way;unwrap_z1.00_up3_train_baseline;unwrap_z1.00_up3_clahe_clip1_tile4;unwrap_z1.00_up3_clahe_rl_deblur_bilateral;unwrap_z1.00_up3_adaptive_noise_3way;unwrap_z1.07_up3_train_baseline;unwrap_z1.07_up3_clahe_clip1_tile4;unwrap_z1.07_up3_clahe_rl_deblur_bilateral;unwrap_z1.07_up3_adaptive_noise_3way,d:\NEO\LPR\parseq_official_pipeline\dataset\color_filtered\other\greenpack_0640_p01_01.png,D:\NEO\LPR\parseq_official_pipeline\outputs\testing\irrecoverable_wrong_images_8pipelines\14_target_86B621890_pred_868621890_err_1.png
greenpack_1333_p01_01.png,59M148700,59M143700,59M143700,False,59M143700,False,1,False,0.0,small_two_line,True,1,unwrap_z1.07_up2_adaptive_noise_3way,baseline;full_z0.85_up2_train_baseline;full_z0.85_up2_clahe_clip1_tile4;full_z0.85_up2_clahe_rl_deblur_bilateral;full_z0.85_up2_adaptive_noise_3way;full_z0.93_up2_train_baseline;full_z0.93_up2_clahe_clip1_tile4;full_z0.93_up2_clahe_rl_deblur_bilateral;full_z0.93_up2_adaptive_noise_3way;full_z1.00_up2_train_baseline;full_z1.00_up2_clahe_clip1_tile4;full_z1.00_up2_clahe_rl_deblur_bilateral;full_z1.00_up2_adaptive_noise_3way;full_z1.07_up2_clahe_clip1_tile4;full_z1.07_up2_clahe_rl_deblur_bilateral;full_z1.07_up2_adaptive_noise_3way;full_z1.15_up2_train_baseline;full_z1.15_up2_clahe_clip1_tile4;full_z1.15_up2_clahe_rl_deblur_bilateral;full_z1.15_up2_adaptive_noise_3way;unwrap_z0.93_up2_train_baseline;unwrap_z0.93_up2_clahe_clip1_tile4;unwrap_z0.93_up2_clahe_rl_deblur_bilateral;unwrap_z0.93_up2_adaptive_noise_3way;unwrap_z1.00_up2_adaptive_noise_3way;full_z0.85_up3_train_baseline;full_z0.85_up3_clahe_clip1_tile4;full_z0.85_up3_clahe_rl_deblur_bilateral;full_z0.85_up3_adaptive_noise_3way;full_z0.93_up3_train_baseline;full_z0.93_up3_clahe_clip1_tile4;full_z0.93_up3_clahe_rl_deblur_bilateral;full_z0.93_up3_adaptive_noise_3way;full_z1.00_up3_train_baseline;full_z1.00_up3_clahe_clip1_tile4;full_z1.00_up3_clahe_rl_deblur_bilateral;full_z1.00_up3_adaptive_noise_3way;full_z1.07_up3_train_baseline;full_z1.07_up3_clahe_clip1_tile4;full_z1.07_up3_clahe_rl_deblur_bilateral;full_z1.07_up3_adaptive_noise_3way;full_z1.15_up3_train_baseline;full_z1.15_up3_clahe_clip1_tile4;full_z1.15_up3_clahe_rl_deblur_bilateral;full_z1.15_up3_adaptive_noise_3way;unwrap_z0.93_up3_adaptive_noise_3way;unwrap_z1.00_up3_train_baseline;unwrap_z1.00_up3_clahe_clip1_tile4;unwrap_z1.00_up3_clahe_rl_deblur_bilateral;unwrap_z1.00_up3_adaptive_noise_3way;unwrap_z1.07_up3_clahe_clip1_tile4;unwrap_z1.07_up3_clahe_rl_deblur_bilateral;unwrap_z1.07_up3_adaptive_noise_3way,d:\NEO\LPR\parseq_official_pipeline\dataset\color_filtered\other\greenpack_1333_p01_01.png,D:\NEO\LPR\parseq_official_pipeline\outputs\testing\irrecoverable_wrong_images_8pipelines\15_target_59M148700_pred_59M143700_err_1.png
greenpack_1416_p01_01.png,60DU29890,60U29890,60U29890,False,60U29890,False,1,False,0.0,small_two_line,False,0,,baseline;full_z0.85_up2_train_baseline;full_z0.85_up2_clahe_clip1_tile4;full_z0.85_up2_clahe_rl_deblur_bilateral;full_z0.85_up2_adaptive_noise_3way;full_z0.93_up2_train_baseline;full_z0.93_up2_clahe_clip1_tile4;full_z0.93_up2_clahe_rl_deblur_bilateral;full_z0.93_up2_adaptive_noise_3way;full_z1.00_up2_train_baseline;full_z1.00_up2_clahe_clip1_tile4;full_z1.00_up2_clahe_rl_deblur_bilateral;full_z1.00_up2_adaptive_noise_3way;full_z1.07_up2_train_baseline;full_z1.07_up2_clahe_clip1_tile4;full_z1.07_up2_clahe_rl_deblur_bilateral;full_z1.07_up2_adaptive_noise_3way;full_z1.15_up2_train_baseline;full_z1.15_up2_clahe_clip1_tile4;full_z1.15_up2_clahe_rl_deblur_bilateral;full_z1.15_up2_adaptive_noise_3way;unwrap_z0.93_up2_train_baseline;unwrap_z0.93_up2_clahe_clip1_tile4;unwrap_z0.93_up2_clahe_rl_deblur_bilateral;unwrap_z0.93_up2_adaptive_noise_3way;unwrap_z1.00_up2_train_baseline;unwrap_z1.00_up2_clahe_clip1_tile4;unwrap_z1.00_up2_clahe_rl_deblur_bilateral;unwrap_z1.00_up2_adaptive_noise_3way;unwrap_z1.07_up2_train_baseline;unwrap_z1.07_up2_clahe_clip1_tile4;unwrap_z1.07_up2_clahe_rl_deblur_bilateral;unwrap_z1.07_up2_adaptive_noise_3way;full_z0.85_up3_train_baseline;full_z0.85_up3_clahe_clip1_tile4;full_z0.85_up3_clahe_rl_deblur_bilateral;full_z0.85_up3_adaptive_noise_3way;full_z0.93_up3_train_baseline;full_z0.93_up3_clahe_clip1_tile4;full_z0.93_up3_clahe_rl_deblur_bilateral;full_z0.93_up3_adaptive_noise_3way;full_z1.00_up3_train_baseline;full_z1.00_up3_clahe_clip1_tile4;full_z1.00_up3_clahe_rl_deblur_bilateral;full_z1.00_up3_adaptive_noise_3way;full_z1.07_up3_train_baseline;full_z1.07_up3_clahe_clip1_tile4;full_z1.07_up3_clahe_rl_deblur_bilateral;full_z1.07_up3_adaptive_noise_3way;full_z1.15_up3_train_baseline;full_z1.15_up3_clahe_clip1_tile4;full_z1.15_up3_clahe_rl_deblur_bilateral;full_z1.15_up3_adaptive_noise_3way;unwrap_z0.93_up3_train_baseline;unwrap_z0.93_up3_clahe_clip1_tile4;unwrap_z0.93_up3_clahe_rl_deblur_bilateral;unwrap_z0.93_up3_adaptive_noise_3way;unwrap_z1.00_up3_train_baseline;unwrap_z1.00_up3_clahe_clip1_tile4;unwrap_z1.00_up3_clahe_rl_deblur_bilateral;unwrap_z1.00_up3_adaptive_noise_3way;unwrap_z1.07_up3_train_baseline;unwrap_z1.07_up3_clahe_clip1_tile4;unwrap_z1.07_up3_clahe_rl_deblur_bilateral;unwrap_z1.07_up3_adaptive_noise_3way,d:\NEO\LPR\parseq_official_pipeline\dataset\color_filtered\other\greenpack_1416_p01_01.png,D:\NEO\LPR\parseq_official_pipeline\outputs\testing\irrecoverable_wrong_images_8pipelines\16_target_60DU29890_pred_60U29890_err_1.png
Dieu_0347_p01_01.png,5E06365,50E06365,50E06365,False,50E06365,False,1,False,0.0,regular_single_line,False,0,,baseline;full_z0.85_up2_train_baseline;full_z0.85_up2_clahe_clip1_tile4;full_z0.85_up2_clahe_rl_deblur_bilateral;full_z0.85_up2_adaptive_noise_3way;full_z0.93_up2_train_baseline;full_z0.93_up2_clahe_clip1_tile4;full_z0.93_up2_clahe_rl_deblur_bilateral;full_z0.93_up2_adaptive_noise_3way;full_z1.00_up2_train_baseline;full_z1.00_up2_clahe_clip1_tile4;full_z1.00_up2_clahe_rl_deblur_bilateral;full_z1.00_up2_adaptive_noise_3way;full_z1.07_up2_train_baseline;full_z1.07_up2_clahe_clip1_tile4;full_z1.07_up2_clahe_rl_deblur_bilateral;full_z1.07_up2_adaptive_noise_3way;full_z1.15_up2_train_baseline;full_z1.15_up2_clahe_clip1_tile4;full_z1.15_up2_clahe_rl_deblur_bilateral;full_z1.15_up2_adaptive_noise_3way;unwrap_z0.93_up2_train_baseline;unwrap_z0.93_up2_clahe_clip1_tile4;unwrap_z0.93_up2_clahe_rl_deblur_bilateral;unwrap_z0.93_up2_adaptive_noise_3way;unwrap_z1.00_up2_train_baseline;unwrap_z1.00_up2_clahe_clip1_tile4;unwrap_z1.00_up2_clahe_rl_deblur_bilateral;unwrap_z1.00_up2_adaptive_noise_3way;unwrap_z1.07_up2_train_baseline;unwrap_z1.07_up2_clahe_clip1_tile4;unwrap_z1.07_up2_clahe_rl_deblur_bilateral;unwrap_z1.07_up2_adaptive_noise_3way;full_z0.85_up3_train_baseline;full_z0.85_up3_clahe_clip1_tile4;full_z0.85_up3_clahe_rl_deblur_bilateral;full_z0.85_up3_adaptive_noise_3way;full_z0.93_up3_train_baseline;full_z0.93_up3_clahe_clip1_tile4;full_z0.93_up3_clahe_rl_deblur_bilateral;full_z0.93_up3_adaptive_noise_3way;full_z1.00_up3_train_baseline;full_z1.00_up3_clahe_clip1_tile4;full_z1.00_up3_clahe_rl_deblur_bilateral;full_z1.00_up3_adaptive_noise_3way;full_z1.07_up3_train_baseline;full_z1.07_up3_clahe_clip1_tile4;full_z1.07_up3_clahe_rl_deblur_bilateral;full_z1.07_up3_adaptive_noise_3way;full_z1.15_up3_train_baseline;full_z1.15_up3_clahe_clip1_tile4;full_z1.15_up3_clahe_rl_deblur_bilateral;full_z1.15_up3_adaptive_noise_3way;unwrap_z0.93_up3_train_baseline;unwrap_z0.93_up3_clahe_clip1_tile4;unwrap_z0.93_up3_clahe_rl_deblur_bilateral;unwrap_z0.93_up3_adaptive_noise_3way;unwrap_z1.00_up3_train_baseline;unwrap_z1.00_up3_clahe_clip1_tile4;unwrap_z1.00_up3_clahe_rl_deblur_bilateral;unwrap_z1.00_up3_adaptive_noise_3way;unwrap_z1.07_up3_train_baseline;unwrap_z1.07_up3_clahe_clip1_tile4;unwrap_z1.07_up3_clahe_rl_deblur_bilateral;unwrap_z1.07_up3_adaptive_noise_3way,d:\NEO\LPR\parseq_official_pipeline\dataset\color_filtered\yellow\Dieu_0347_p01_01.png,D:\NEO\LPR\parseq_official_pipeline\outputs\testing\irrecoverable_wrong_images_8pipelines\17_target_5E06365_pred_50E06365_err_1.png
Hung_0017_p02_02.png,61C1319,61C13129,61C13129,False,61C13129,False,1,False,0.0,tiny_two_line,False,0,,baseline;full_z0.85_up2_train_baseline;full_z0.85_up2_clahe_clip1_tile4;full_z0.85_up2_clahe_rl_deblur_bilateral;full_z0.85_up2_adaptive_noise_3way;full_z0.93_up2_adaptive_noise_3way;full_z1.00_up2_train_baseline;full_z1.00_up2_clahe_clip1_tile4;full_z1.00_up2_clahe_rl_deblur_bilateral;full_z1.00_up2_adaptive_noise_3way;full_z1.07_up2_train_baseline;full_z1.07_up2_clahe_clip1_tile4;full_z1.07_up2_clahe_rl_deblur_bilateral;full_z1.07_up2_adaptive_noise_3way;full_z1.15_up2_train_baseline;full_z1.15_up2_clahe_clip1_tile4;full_z1.15_up2_clahe_rl_deblur_bilateral;full_z1.15_up2_adaptive_noise_3way;unwrap_z0.93_up2_train_baseline;unwrap_z0.93_up2_clahe_clip1_tile4;unwrap_z0.93_up2_clahe_rl_deblur_bilateral;unwrap_z0.93_up2_adaptive_noise_3way;unwrap_z1.00_up2_train_baseline;unwrap_z1.00_up2_clahe_clip1_tile4;unwrap_z1.00_up2_clahe_rl_deblur_bilateral;unwrap_z1.00_up2_adaptive_noise_3way;unwrap_z1.07_up2_train_baseline;unwrap_z1.07_up2_clahe_clip1_tile4;unwrap_z1.07_up2_clahe_rl_deblur_bilateral;unwrap_z1.07_up2_adaptive_noise_3way;full_z0.85_up3_train_baseline;full_z0.85_up3_clahe_clip1_tile4;full_z0.85_up3_clahe_rl_deblur_bilateral;full_z0.85_up3_adaptive_noise_3way;full_z0.93_up3_clahe_clip1_tile4;full_z0.93_up3_clahe_rl_deblur_bilateral;full_z0.93_up3_adaptive_noise_3way;full_z1.00_up3_train_baseline;full_z1.00_up3_clahe_clip1_tile4;full_z1.00_up3_clahe_rl_deblur_bilateral;full_z1.00_up3_adaptive_noise_3way;full_z1.07_up3_train_baseline;full_z1.07_up3_clahe_clip1_tile4;full_z1.07_up3_clahe_rl_deblur_bilateral;full_z1.07_up3_adaptive_noise_3way;full_z1.15_up3_train_baseline;full_z1.15_up3_clahe_clip1_tile4;full_z1.15_up3_clahe_rl_deblur_bilateral;full_z1.15_up3_adaptive_noise_3way;unwrap_z0.93_up3_train_baseline;unwrap_z0.93_up3_clahe_clip1_tile4;unwrap_z0.93_up3_clahe_rl_deblur_bilateral;unwrap_z1.00_up3_train_baseline;unwrap_z1.00_up3_clahe_clip1_tile4;unwrap_z1.00_up3_clahe_rl_deblur_bilateral;unwrap_z1.00_up3_adaptive_noise_3way;unwrap_z1.07_up3_train_baseline;unwrap_z1.07_up3_clahe_clip1_tile4;unwrap_z1.07_up3_clahe_rl_deblur_bilateral,d:\NEO\LPR\parseq_official_pipeline\dataset\color_filtered\yellow\Hung_0017_p02_02.png,D:\NEO\LPR\parseq_official_pipeline\outputs\testing\irrecoverable_wrong_images_8pipelines\18_target_61C1319_pred_61C13129_err_1.png
general_000648_quandoi.jpg,B1708,BP1708,BP1708,False,BP1708,False,1,False,0.0,tiny_two_line,False,0,,baseline;full_z0.85_up2_train_baseline;full_z0.85_up2_clahe_clip1_tile4;full_z0.85_up2_clahe_rl_deblur_bilateral;full_z0.85_up2_adaptive_noise_3way;full_z0.93_up2_train_baseline;full_z0.93_up2_clahe_clip1_tile4;full_z0.93_up2_clahe_rl_deblur_bilateral;full_z0.93_up2_adaptive_noise_3way;full_z1.00_up2_train_baseline;full_z1.00_up2_clahe_clip1_tile4;full_z1.00_up2_clahe_rl_deblur_bilateral;full_z1.00_up2_adaptive_noise_3way;full_z1.07_up2_train_baseline;full_z1.07_up2_clahe_clip1_tile4;full_z1.07_up2_clahe_rl_deblur_bilateral;full_z1.07_up2_adaptive_noise_3way;full_z1.15_up2_train_baseline;full_z1.15_up2_clahe_clip1_tile4;full_z1.15_up2_clahe_rl_deblur_bilateral;full_z1.15_up2_adaptive_noise_3way;unwrap_z0.93_up2_train_baseline;unwrap_z0.93_up2_clahe_clip1_tile4;unwrap_z0.93_up2_clahe_rl_deblur_bilateral;unwrap_z0.93_up2_adaptive_noise_3way;unwrap_z1.00_up2_train_baseline;unwrap_z1.00_up2_clahe_clip1_tile4;unwrap_z1.00_up2_clahe_rl_deblur_bilateral;unwrap_z1.00_up2_adaptive_noise_3way;unwrap_z1.07_up2_train_baseline;unwrap_z1.07_up2_clahe_clip1_tile4;unwrap_z1.07_up2_clahe_rl_deblur_bilateral;unwrap_z1.07_up2_adaptive_noise_3way;full_z0.85_up3_train_baseline;full_z0.85_up3_clahe_clip1_tile4;full_z0.85_up3_clahe_rl_deblur_bilateral;full_z0.85_up3_adaptive_noise_3way;full_z0.93_up3_train_baseline;full_z0.93_up3_clahe_clip1_tile4;full_z0.93_up3_clahe_rl_deblur_bilateral;full_z0.93_up3_adaptive_noise_3way;full_z1.00_up3_train_baseline;full_z1.00_up3_clahe_clip1_tile4;full_z1.00_up3_clahe_rl_deblur_bilateral;full_z1.00_up3_adaptive_noise_3way;full_z1.07_up3_train_baseline;full_z1.07_up3_clahe_clip1_tile4;full_z1.07_up3_clahe_rl_deblur_bilateral;full_z1.07_up3_adaptive_noise_3way;full_z1.15_up3_train_baseline;full_z1.15_up3_clahe_clip1_tile4;full_z1.15_up3_clahe_rl_deblur_bilateral;full_z1.15_up3_adaptive_noise_3way;unwrap_z0.93_up3_train_baseline;unwrap_z0.93_up3_clahe_clip1_tile4;unwrap_z0.93_up3_clahe_rl_deblur_bilateral;unwrap_z0.93_up3_adaptive_noise_3way;unwrap_z1.00_up3_train_baseline;unwrap_z1.00_up3_clahe_clip1_tile4;unwrap_z1.00_up3_clahe_rl_deblur_bilateral;unwrap_z1.00_up3_adaptive_noise_3way;unwrap_z1.07_up3_train_baseline;unwrap_z1.07_up3_clahe_clip1_tile4;unwrap_z1.07_up3_clahe_rl_deblur_bilateral;unwrap_z1.07_up3_adaptive_noise_3way,d:\NEO\LPR\parseq_official_pipeline\dataset\update_label\labled_quandoi\images\test\general_000648_quandoi.jpg,D:\NEO\LPR\parseq_official_pipeline\outputs\testing\irrecoverable_wrong_images_8pipelines\19_target_B1708_pred_BP1708_err_1.jpg
general_000663_quandoi.jpg,TH3077,TM3077,TM3077,False,TM3077,False,1,False,0.0,tiny_single_line,True,2,full_z1.00_up2_train_baseline;unwrap_z1.00_up2_train_baseline,baseline;full_z0.93_up2_train_baseline;full_z0.93_up2_clahe_clip1_tile4;full_z0.93_up2_clahe_rl_deblur_bilateral;full_z1.00_up2_clahe_clip1_tile4;full_z1.00_up2_clahe_rl_deblur_bilateral;full_z1.00_up2_adaptive_noise_3way;full_z1.07_up2_clahe_clip1_tile4;full_z1.07_up2_clahe_rl_deblur_bilateral;full_z1.07_up2_adaptive_noise_3way;full_z1.15_up2_clahe_clip1_tile4;full_z1.15_up2_clahe_rl_deblur_bilateral;unwrap_z0.93_up2_train_baseline;unwrap_z0.93_up2_clahe_clip1_tile4;unwrap_z0.93_up2_clahe_rl_deblur_bilateral;unwrap_z1.00_up2_clahe_clip1_tile4;unwrap_z1.00_up2_clahe_rl_deblur_bilateral;unwrap_z1.00_up2_adaptive_noise_3way;unwrap_z1.07_up2_clahe_clip1_tile4;unwrap_z1.07_up2_clahe_rl_deblur_bilateral;unwrap_z1.07_up2_adaptive_noise_3way;full_z0.93_up3_train_baseline;full_z0.93_up3_clahe_clip1_tile4;full_z0.93_up3_clahe_rl_deblur_bilateral;full_z1.00_up3_train_baseline;full_z1.00_up3_clahe_clip1_tile4;full_z1.00_up3_clahe_rl_deblur_bilateral;full_z1.00_up3_adaptive_noise_3way;full_z1.07_up3_train_baseline;full_z1.07_up3_clahe_clip1_tile4;full_z1.07_up3_clahe_rl_deblur_bilateral;full_z1.07_up3_adaptive_noise_3way;full_z1.15_up3_clahe_clip1_tile4;full_z1.15_up3_clahe_rl_deblur_bilateral;unwrap_z0.93_up3_train_baseline;unwrap_z0.93_up3_clahe_clip1_tile4;unwrap_z0.93_up3_clahe_rl_deblur_bilateral;unwrap_z1.00_up3_train_baseline;unwrap_z1.00_up3_clahe_clip1_tile4;unwrap_z1.00_up3_clahe_rl_deblur_bilateral;unwrap_z1.00_up3_adaptive_noise_3way;unwrap_z1.07_up3_train_baseline;unwrap_z1.07_up3_clahe_clip1_tile4;unwrap_z1.07_up3_clahe_rl_deblur_bilateral;unwrap_z1.07_up3_adaptive_noise_3way,d:\NEO\LPR\parseq_official_pipeline\dataset\update_label\labled_quandoi\images\test\general_000663_quandoi.jpg,D:\NEO\LPR\parseq_official_pipeline\outputs\testing\irrecoverable_wrong_images_8pipelines\20_target_TH3077_pred_TM3077_err_1.jpg
general_000679_quandoi.jpg,BH520,BH5240,BH5240,False,BH5240,False,1,False,0.0,tiny_single_line,False,0,,baseline;full_z0.85_up2_train_baseline;full_z0.85_up2_clahe_clip1_tile4;full_z0.85_up2_clahe_rl_deblur_bilateral;full_z0.85_up2_adaptive_noise_3way;full_z0.93_up2_train_baseline;full_z0.93_up2_clahe_clip1_tile4;full_z0.93_up2_clahe_rl_deblur_bilateral;full_z0.93_up2_adaptive_noise_3way;full_z1.00_up2_train_baseline;full_z1.00_up2_clahe_clip1_tile4;full_z1.00_up2_clahe_rl_deblur_bilateral;full_z1.00_up2_adaptive_noise_3way;full_z1.07_up2_train_baseline;full_z1.07_up2_clahe_clip1_tile4;full_z1.07_up2_clahe_rl_deblur_bilateral;full_z1.07_up2_adaptive_noise_3way;full_z1.15_up2_train_baseline;full_z1.15_up2_clahe_clip1_tile4;full_z1.15_up2_clahe_rl_deblur_bilateral;full_z1.15_up2_adaptive_noise_3way;unwrap_z0.93_up2_train_baseline;unwrap_z0.93_up2_clahe_clip1_tile4;unwrap_z0.93_up2_clahe_rl_deblur_bilateral;unwrap_z0.93_up2_adaptive_noise_3way;unwrap_z1.00_up2_train_baseline;unwrap_z1.00_up2_clahe_clip1_tile4;unwrap_z1.00_up2_clahe_rl_deblur_bilateral;unwrap_z1.00_up2_adaptive_noise_3way;unwrap_z1.07_up2_train_baseline;unwrap_z1.07_up2_clahe_clip1_tile4;unwrap_z1.07_up2_clahe_rl_deblur_bilateral;unwrap_z1.07_up2_adaptive_noise_3way;full_z0.85_up3_train_baseline;full_z0.85_up3_clahe_clip1_tile4;full_z0.85_up3_clahe_rl_deblur_bilateral;full_z0.85_up3_adaptive_noise_3way;full_z0.93_up3_train_baseline;full_z0.93_up3_clahe_clip1_tile4;full_z0.93_up3_clahe_rl_deblur_bilateral;full_z0.93_up3_adaptive_noise_3way;full_z1.00_up3_train_baseline;full_z1.00_up3_clahe_clip1_tile4;full_z1.00_up3_clahe_rl_deblur_bilateral;full_z1.00_up3_adaptive_noise_3way;full_z1.07_up3_train_baseline;full_z1.07_up3_clahe_clip1_tile4;full_z1.07_up3_clahe_rl_deblur_bilateral;full_z1.07_up3_adaptive_noise_3way;full_z1.15_up3_train_baseline;full_z1.15_up3_clahe_clip1_tile4;full_z1.15_up3_clahe_rl_deblur_bilateral;full_z1.15_up3_adaptive_noise_3way;unwrap_z0.93_up3_train_baseline;unwrap_z0.93_up3_clahe_clip1_tile4;unwrap_z0.93_up3_clahe_rl_deblur_bilateral;unwrap_z0.93_up3_adaptive_noise_3way;unwrap_z1.00_up3_train_baseline;unwrap_z1.00_up3_clahe_clip1_tile4;unwrap_z1.00_up3_clahe_rl_deblur_bilateral;unwrap_z1.00_up3_adaptive_noise_3way;unwrap_z1.07_up3_train_baseline;unwrap_z1.07_up3_clahe_clip1_tile4;unwrap_z1.07_up3_clahe_rl_deblur_bilateral;unwrap_z1.07_up3_adaptive_noise_3way,d:\NEO\LPR\parseq_official_pipeline\dataset\update_label\labled_quandoi\images\test\general_000679_quandoi.jpg,D:\NEO\LPR\parseq_official_pipeline\outputs\testing\irrecoverable_wrong_images_8pipelines\21_target_BH520_pred_BH5240_err_1.jpg
